mu_g,k_g,mu_i,k_i
4.146046597351981,2.34833121984433,4.794846395982849,13.010444680558278
4.37678544318347,2.279423771773719,4.77703951569936,12.39167818658104
3.6692063971064717,2.1780285028482287,4.678042946846566,12.74673199673647
4.310826659150718,3.66241168484135,4.997015349149341,15.039041486404274
3.8025054866531764,4.109762503166133,4.921739140735717,10.798001811341155
3.9909754662751644,3.004316747689605,4.733254920592188,10.74622989976999
4.006933641115108,3.22042089673107,4.92314310500693,17.073262321432164
3.7198191592144947,3.6619012515919103,4.790058489973569,17.44214069415423
4.441472675464452,2.882035489939524,5.009172833961103,13.826922326001972
3.675506527755999,3.369830945990129,4.7727475999708675,12.113226339397832
4.207662661434844,3.098329542781265,5.012596220186035,13.406660116690396
4.576171678920899,2.0194147823353097,4.730998397531006,11.872837154995057
3.760784246714864,3.706478375260606,4.7906602151557145,13.936682127463854
4.565414583223741,3.1910494178214477,4.802820050188839,12.763420500075542
4.040049313694343,2.9299380309156846,4.779859565329015,14.318382949607338
4.301908983793508,2.764651999650619,4.85231864611987,14.968303473358107
4.025377527934794,2.8198568202349974,4.87639399890285,15.202771984836005
4.3100997188396875,2.2927939549839564,4.848461186070761,13.086641294939016
4.149205956275972,2.9319481778740903,4.8346095558403,14.270551880696408
4.343082793592576,2.7662737099973054,4.971585392225136,15.24856226710411
4.470253131838605,3.7073308456275202,5.043253643296617,14.285995680725401
4.532427403098244,3.7565161884050573,5.059749868896438,13.268212155426058
4.499565275264335,2.035536266039122,4.831417006323528,12.440812718689097
4.376561528096917,2.941718068519461,5.059732043280409,13.822277826904008
4.36531488921018,2.8429715562671234,4.810281757007291,14.89601069537156
3.793989210933741,2.8777969276150523,4.678961748301719,12.589716921499729
4.34964352842008,2.462228013780629,4.9930504261341175,14.23793987645302
4.047738595696633,2.8959684586334364,4.8681924047874165,11.504053440220124
4.049438716989014,2.4996944504393666,4.8157279877986126,16.696856760989593
4.236599362183166,2.569549367348781,4.835325771062295,12.48987629715232
4.30051376511427,3.1690896472841192,4.87918613962429,11.884011150295724
3.802178186828871,3.4531115754780526,4.842076413527468,15.19670573905834
3.6801934385568313,2.459198826571477,4.72884100419363,15.218746098114531
3.6928245081354465,2.677620237634408,4.6743772238323,12.444082489649157
3.4569666124602034,2.5744621413959643,4.765872958172458,15.728389892462973
4.1271511894502595,2.764838850956004,4.960527048971996,11.305509799884787
4.017980089310274,2.6079154046809983,4.88419567996045,16.31411027899613
4.304640431834206,3.188441373575487,4.872459304485636,14.414303256921285
4.087350271220336,2.2206344249200325,4.903715219277788,14.638947382923435
3.7092998418917573,3.202016692911283,4.961056055898197,12.824665452485224
4.162733397583446,2.0063026264578303,4.804026728139313,12.924686479440151
3.82797173689025,3.0850202583093305,5.002782197775045,11.684097169725252
4.157180963851473,2.716379948590728,4.777347020812641,13.84616146213269
3.8450049799931683,2.4939429612301693,4.809288918978689,14.520531359721128
3.971880160801007,2.9010484871118765,4.867755827302814,11.699404341451649
4.14178254671074,3.3309934450764427,4.881454308821542,12.37430150922052
3.8587395309290056,2.531378979223539,4.776590971988592,14.921032820354768
4.1006792882170435,2.9821886914453026,4.977465623679866,12.049240963772297
4.330496676833552,2.6126351651884128,4.815529110370961,11.758482132458896
5.009344032423962,1.8408166252398483,4.849230388052228,12.815296082691647
5.165579622330955,1.9310010991366728,4.841630011427307,12.962161043803109
3.979633708219494,4.631137815069035,4.864248645087985,11.44415812911827
3.8130547389034133,2.6132001106214884,4.9239493607143325,12.054764885962234
3.948072058151874,2.835088101785504,4.947253164402579,13.447088117571253
3.9532907562354436,2.8084472894414043,4.701943977709685,12.559220149304227
3.9539934585611447,3.2082764647904196,4.731779092331783,13.330456481081963
3.357324251139918,2.3903210527458616,4.741426561402565,14.69696126401014
3.6943754675479914,2.690631688339759,4.669691628560993,15.489576247271957
3.677836141976123,2.4795892284183982,4.717017211767512,15.837338538604474
4.40597103529675,2.9767486208391105,4.8853980826740475,10.698979381806673
4.343178173137631,2.6218604873967344,4.9613977052961165,10.02575759002347
4.278177154416089,3.2032098725607945,4.865816878364625,11.657427231372578
4.043023044816467,2.2727923265210497,4.751837224401521,14.911968242472144
4.117254181533766,2.2207084485490673,4.700917208221645,15.442498343688175
3.9680452424561476,2.57732616310917,4.825870465422536,13.568188846190557
3.9899272870976734,3.0512919431293084,4.753217136331721,11.530635891789853
4.740636299327815,2.1492758314231826,5.0570728308905215,14.47860119508844
3.30267736249528,2.9543177892524217,4.76417393326985,11.03921158829184
4.7228592551169575,2.0556855764571833,4.9735066287771925,15.185801550735134
3.5377633656621774,3.70323575109833,4.883930981003025,11.934353854559014
3.4052970894761345,2.822789698624737,4.7385892751614795,11.170970953503298
4.022609306782557,3.3067062269390286,4.749128484222467,12.029608997478618
4.217642969202121,2.5242626992873776,4.731401361956831,15.089339364353702
4.338849118288827,2.068081201100374,4.808667799449857,16.202667534031978
4.08225689700344,2.0451484293957205,4.911993839800923,15.217907524111096
4.154355425227194,3.1596625524808215,4.723643932602001,10.126518202323632
4.2631483474464,2.2436740322273767,4.975380989123593,12.875175359580114
4.894121621733951,2.423617538219246,4.755764374515563,12.569933427567124
3.782433696650741,4.223763695151103,4.758937982008517,13.971521448063802
4.475566873987803,3.2010653060875485,4.886778660606897,12.308375256009963
4.04495665822008,2.9720205767579566,4.879166027413583,11.989561510933084
4.056208464486639,3.056664566857792,4.838466879849013,12.216542850752848
3.960697107551383,2.573270749346776,4.896386918087989,13.867665647659868
4.003700227788673,2.5814782012597184,4.704303738443928,16.483562252935364
4.13751881665822,3.131401264928913,4.863019927382118,14.315239527766126
4.038474469100086,2.321303689268442,4.843840868101282,13.687914516150174
4.577577592296918,1.9904239479492167,4.712688521204801,16.532659161220426
3.689797508594492,2.6136911576416804,4.828311992254728,13.975359690109713
4.104610933276921,3.5981137661786,4.803569862745519,13.61366499079194
4.428675807448665,2.4236444027059894,5.022305662628633,13.677879578336318
3.3095852414492,2.186159594140789,4.772127204202434,13.339603921039101
3.5979385987292782,3.281607816568097,4.633960869215558,13.108912351459649
3.4129331461300563,2.471623221369851,4.522417090333373,13.781920362112515
4.03363147710987,2.644159717552845,4.902402451862126,9.55699215255368
3.8690707286455446,3.7605418265768717,4.842571490622722,12.381756089043716
4.138218988811525,3.5570441139583284,5.00163592508882,11.094379981323293
4.183188363408191,3.8531451154497565,4.978462972863398,10.594844962226526
3.874552797270966,3.516473779154407,4.861261677451848,15.854813063127695
4.030538583998351,2.291704821521324,4.757833357862224,11.159790593134353
4.052853964291862,3.173607644858389,4.901509460901519,16.98135725238327
3.848140849193709,2.460574823991764,4.707098707152896,14.722346938789462
3.445777949381847,2.9487813005411403,4.75551966136605,13.697541541503
3.660529978779656,2.428010229218302,4.685534272094761,13.519251587123701
3.6490446493375592,2.1257688428930135,4.711264937857361,12.784642246455514
3.962637924672997,3.598425678251298,4.805409350185754,14.301485312159096
4.392671384599795,2.644325877253969,4.77829990342565,12.417751911372447
3.641610635403476,2.7921274501409137,4.813330693225483,13.18977084159709
3.996560300573596,3.3555674851446855,4.755974340945902,10.29379642277473
4.109101802289425,2.810339783418464,4.915869184442108,12.694538646982824
3.9979390064364173,3.1184333606771095,4.807494236789144,18.234710866153122
4.351141204754634,2.638654817071622,4.930303350711664,12.13701353038487
3.8705257320045603,2.8029357208493972,4.7932254103127,14.722152526187372
3.930394663857705,2.478462035015112,4.807924584705859,12.103082281987577
3.948623579286577,2.5072291583648947,4.749213388704036,13.986123786381818
4.115282366846683,2.6135288518865654,4.905115273013889,14.129800786748081
4.250459321771529,2.548423244259262,4.864368656080692,12.669442580444608
3.8242425947326493,2.808841033883811,4.735104117057609,13.928674728537517
4.237471612634749,2.769724155409406,4.898352526741346,12.169049650605222
4.179819526991543,2.548393839688725,4.837636072862206,15.116180463984094
4.114630684243971,3.23492928055393,4.987159394691581,14.40529397980119
4.161882184637814,2.6939133455153015,4.860678854467462,14.861442632368405
4.22357597513647,2.9496949207583967,4.915200764900874,12.696575415458877
3.968463721245854,2.9500678311727744,4.789483358510141,12.272318970075299
3.968463721245854,2.9500678311727744,4.789483358510141,12.272318970075299
3.766768922461874,4.113735913130436,4.970123864955718,14.060782545684315
4.4639605242836735,1.916044303455853,4.698312033858951,13.686700131750436
4.371495332682777,2.0907937490110857,4.757927842570107,13.544412443800887
3.7265265844549718,3.756352148738886,4.904402997144663,14.438757085693714
4.771752272145199,2.020003527810041,4.970310388157296,12.310093520768783
4.260434587265205,2.265758598229662,4.724897697284024,13.61291451098639
3.899432404055705,2.783813873636164,4.86048151459295,13.041044148295894
3.930843113729702,3.0206926485927346,4.778080868271288,12.775370759273015
3.765713980582844,2.758018793974386,4.8002042927982576,11.557958960483944
3.6865269526094937,2.9072234005717457,4.701641533948327,13.729968877066813
4.040942859584533,2.5792962020331034,4.83771043737993,13.126379613664485
3.9852930520819756,3.6774196808257207,4.866573915403208,11.39359334809588
4.4931428557336,2.2616057911609535,4.763378723423318,14.440839522262461
4.375624108947066,3.096603320149093,4.824835652572621,14.281081634199813
4.59045499282181,2.8643739503049286,4.791201844027082,12.355624686170716
4.406330378060924,2.5722790283420722,4.851045256870346,12.23133869379365
4.2565868883850815,3.1892912132584263,4.948540297442355,10.695270921782624
3.846758673298964,2.2309204313019237,4.727936652545745,17.120962224074116
4.114290745971836,3.648897966978514,4.802017028535539,10.855148184155953
4.2010328937450785,2.6827039947438274,4.969978758183709,10.691517361011197
4.243732136090419,3.6681780059293394,4.87382526779429,13.767607152480037
3.9672792381127118,2.761665826369865,5.011023172281052,10.255081855141329
4.570342133666601,3.1866212133774936,4.854608997289785,12.797467474562993
4.415049553716774,2.5439279673869923,4.960062856271419,16.546180561044306
4.517407098616826,2.7709607787757857,5.021498930664124,14.643645962503664
4.29242001486221,2.5499560788081035,5.051666316116011,13.61129384912531
4.510390897669688,2.1844994039220733,4.976575864781544,11.79030546812574
4.4274866133332536,2.179572097906612,4.94665518876874,13.003677966202883
4.110974497565713,3.313883990763877,4.885893680339851,13.674389505496162
4.039504888412249,2.4076655284967052,4.7462189135787956,14.161387528980587
4.283042230499927,3.206416342379603,4.846835813964329,12.547914934741677
4.038214108221296,2.6124617162563073,4.830041266659539,13.27607904564047
3.4142402774684983,3.172847050247255,4.782530124906344,11.530864010648866
3.6928064836163252,2.2402728841599133,4.651404818931694,12.377787462219123
3.932448790881356,2.662561581001902,4.746364047974794,12.984036270779503
4.196806310330221,3.1546264727736495,4.987722658436096,13.7758827337213
3.722103894248417,1.9633654285871376,4.724705356797372,13.396255629300473
3.77934908963036,2.0078605968353056,4.666132701610073,15.68839654530134
3.8872150808876778,2.521295241944063,4.656642365025292,15.100819633337952
4.536902134863784,1.9508028747452753,4.90189422553851,14.587359917193854
4.19975937951383,2.5548217215399394,4.872174889723367,13.137668281153957
4.224342607693943,2.3312714106238244,4.711965917623172,13.29921198670895
4.201989898436506,2.9559774601878233,4.968811932660825,13.456862655329703
4.472882956714292,2.9076491710187637,4.887147560235599,15.375900033972782
4.49293908999861,2.547815636666655,4.9292272610441605,18.279916211046288
3.8970279874499494,2.5769040662675926,4.759581439446719,13.433490762021185
4.0540003704951815,2.23502612205748,4.751975012837415,12.855451616759199
4.271886341012169,3.2301269640931562,4.98349103445072,10.884732877381463
3.9373221441797575,3.909321862690458,4.8928906764941225,15.303545397976267
4.0885971454888965,1.82100261267097,4.9098221488880585,13.810661931619848
3.878179515717715,3.1212008460013156,4.934120641485406,12.672762664469946
4.023007043575805,2.590123515226811,4.681547685543284,15.79689599625432
4.255562440747808,2.5422392719177536,4.968822172588383,15.40753881092015
4.150480614018396,3.030391115826479,4.939635451436457,16.220194577349265
4.322330023291028,3.2960797442876384,5.0470856679301335,16.051206803578722
3.7380538812987076,1.837123973727394,4.81407648173649,11.920156806663234
3.5964348388144134,4.126258142825308,4.680840321216768,12.09999934646625
5.289219092815362,2.1611210934749834,4.79832657589434,13.927063889227732
3.680579821308589,2.8193546391204594,4.749410432583066,12.832355410196271
3.7757374373560424,3.2267067448062328,4.80076289937289,13.298807785757669
4.137189975321498,3.3143098981032275,4.936927260539081,16.57397525295106
3.8441701437495865,3.014589497146943,4.826420499661373,13.689864175369319
3.6440730165719373,2.7663988345146984,4.760369566083975,13.651015754159625
4.290360214797371,3.1398638084193697,4.9615639692157965,13.509589619372145
4.085853831577009,2.0974681768753443,4.741421136674664,12.094312089087373
3.9618789454334613,3.759568237977181,4.90954933579557,13.077840113062381
4.084395255009984,1.7943814448974844,4.697366754774389,12.368487384490702
4.166025447366829,3.3235754655059,4.916583227622697,13.99127107777542
4.114051400784692,2.5798909935976284,4.885929753915457,13.953420196271935
3.9613057983159234,2.8629874098561565,4.791376526645154,12.727969624724812
4.230800649936975,2.4538415192083947,4.6976451178116205,13.002839014135818
4.078907915560235,3.262825397194013,4.925702527854931,13.189675557395256
3.917475388575865,3.504342515672626,4.869091012603687,13.43559145796847
3.8200468001521926,2.768486858936315,4.779739203239899,14.774268504622926
3.414177563330821,2.9453715961695885,4.69919545723925,16.24231827982164
3.5940898628156646,2.077831016725767,4.720723173968446,16.08650408929401
3.896415286664405,3.6745597592984023,4.816024855447766,14.975349878749512
4.083576029203375,2.2486568113755268,4.746283762427069,11.644682711220545
4.049447873898515,2.0340614998144306,4.6640315349465284,13.65965235752202
4.078431309657651,2.451300021394978,4.862543018644327,13.4341230843603
4.028812462974085,3.009381337358517,4.8074615066893,13.293519430991012
4.458246788880795,2.532619883153273,4.98251487257267,16.201763066727178
3.726529518813803,2.6697115559017894,4.842708990094842,10.505173516106833
4.000638691924025,2.788263323868927,4.732613151209532,10.951891254360577
4.336236721492354,2.4946363605448165,4.884896717939834,10.345617135021579
4.2978501116037675,3.0134516163772003,4.870837219057628,10.7332543829379
4.18824808529146,3.678882551336315,5.051346581053496,14.527587636923991
4.090328662046328,2.8594024811774204,4.803439163081114,14.197898230404713
4.004252505208527,2.970810309730782,4.9090876239967995,14.301958399825807
4.6871317565427475,3.1618279302056047,4.995642104779351,12.809224401953353
3.5468604869375153,2.658592744875134,4.637023391292944,13.664496247574542
3.5468604869375153,2.658592744875134,4.637023391292944,13.664496247574542
4.200092162313498,3.1227529059280688,4.633705919888337,14.922775370383823
3.791313282462558,3.2978389220404383,4.550306219323764,13.438986497132298
3.7274210011958737,1.7990662782993445,4.866560406482762,14.95013861504231
4.20127325492142,2.190871044869769,4.91498886754687,11.030325225147708
4.092030903751911,3.3820854231188417,4.806612645642311,12.44088702470498
3.9785562010618256,3.0672250546056996,4.80316297149431,12.308827553662022
4.0253001033269395,3.054919073100473,4.8763741501038025,10.911476981818845
4.253588544337048,2.670722303214236,4.936255264235489,14.480183156786856
4.094761911660454,2.905005314766543,4.831674133910144,11.987960301083001
3.906107938066472,2.5828210983366806,4.799249631432408,9.982046125381018
3.693813256400028,2.2182126748796946,4.685775550022991,9.78568084882771
4.300747244716071,2.860255151644067,4.936670064974273,13.967890586185598
3.72113177958647,2.5088962559442898,4.72555398205152,12.296212750030186
4.012645869724842,2.8952478750486184,4.650098787619852,13.337896112390398
3.713644779061883,2.7986362355739636,4.8081908996362115,12.65529830273037
4.236604646305999,2.925782346659326,4.876380081872272,14.581835689598536
3.994188929599551,2.685777637270548,4.922364973781431,12.813879751153387
3.9976911945525773,2.634518202366227,4.952168540669586,14.192500334164318
4.304940536615012,3.376356626901726,4.948028699450978,13.845059545965176
3.5668412878942024,2.0439748134444837,4.738526637883438,15.821028519986047
3.9868465274003264,3.56967890503336,4.835892524225128,11.701051935492368
3.915108204192212,2.3385171702553635,4.871952391344279,11.176001870418467
3.7548333631566853,2.4368406185441622,4.69871562082036,11.980106428053297
4.257966759290096,2.822980440320597,4.89432471330554,13.545419959315629
4.087460093432219,3.3518425929091125,4.889418337313506,13.223845608837175
3.9936594398536527,2.9358036348615237,4.865704651321801,11.52595188049167
4.043807039261344,2.848677558528458,4.6913294377990455,13.742905189566551
4.020801272828483,3.0974738199019085,4.888989073958073,14.801324186708428
4.0746587577563975,2.318405508921501,4.768964957486849,17.216515652379808
3.6365632250408058,3.5053697938028368,4.833520181552878,13.17765082865285
4.396824806528564,2.248943287220453,4.762564508136684,12.53842907984938
4.18832136972433,2.1939629816640744,5.030014317449155,13.217700264440282
3.913169713434027,1.974530684346072,4.8377973945138635,11.919303765172808
3.6825901953344387,5.0278721219087705,4.874651927394659,12.991523261493708
3.665571006928058,1.8854810194756653,4.670490958414491,15.625209974088412
4.217559223036229,3.495808846400728,4.933205100502491,17.156667244188387
4.5362381222055745,2.1302832349896885,4.870212209282672,12.842987215157734
4.788132477367175,2.4544918882496094,4.865604291662287,15.60628317473827
4.8070414005000215,2.193482319524645,4.7213383015903725,15.67567033639367
4.059167281253997,3.020683555480998,4.856399341059045,12.542278295800719
3.874399515696298,2.1159661838415773,4.793685820804234,14.136056062122222
4.0345930796659655,3.514115477565925,4.835758295260352,15.557370205014609
4.447593316207768,2.05881676209732,4.754004203252382,11.023904911604683
4.312651486614922,2.1007148579048662,4.578325165830623,10.6233181262744
3.5721446174579854,3.3088450750931084,5.023472510290837,13.371026440192345
3.91682347540721,2.526816741585623,4.606828915426516,15.42038007952698
3.7321935261143713,2.439301522771431,4.911735608714372,13.497347619766268
4.370424307508408,3.630302122472432,4.920466815938985,12.53537007000997
4.470704222332602,2.1003045837122842,4.812569048652601,11.52623194666665
3.822593502877229,3.4949825442186713,4.8826709875490195,12.463551347426064
3.857217908423686,2.569808053476268,4.662085525936977,10.7059467489333
4.018539253023434,3.197764217104651,4.887272105238014,13.82254143761631
4.0564149347184415,2.2221726450782504,4.731545220032685,13.335800170550499
4.178868522985842,2.812191950917529,4.872625361883075,16.553193170295845
4.178868522985842,2.812191950917529,4.872625361883075,16.553193170295845
3.9522658374694166,3.1760355839699095,4.809063613971961,11.16195120881424
3.83854597282285,1.8913486365065375,4.744572840900122,12.247711210479789
4.046642825926948,2.8683765070011495,4.684081388460439,11.955151268354882
4.210955146626557,2.9272847381620304,4.816507223226503,14.471658157262427
4.210955146626557,2.9272847381620304,4.816507223226503,14.471658157262427
3.915844946376827,3.0394482833655942,4.823505046551368,12.36674345944387
4.0966041102462745,3.097947339973842,4.841702409415657,15.125900134265498
4.217231073107748,2.708352594465093,4.730946828897591,11.209985237148725
3.696777632199479,2.8908484303915025,4.770915058000261,14.284310831362825
4.1733565615303325,2.472545199187223,4.9916608815556245,12.828110591097383
4.36852923295528,2.5934615780413273,4.747373031993011,12.058293149566758
3.779620049504354,3.1250806071361596,4.915499192152622,11.782578752895583
3.74626560344819,2.319412295354975,4.643992991842382,14.849004190730156
3.343887894334765,2.9230908871014316,4.876091469045338,12.920793955553286
3.6389839448824923,2.444646262458202,4.86296466244982,13.019852359671086
4.5857830489907085,2.953192325962339,4.907350606351515,13.23655464318201
4.336588144946207,2.7343833937406807,4.978907451705852,13.71683794271397
4.530914629513879,2.545850316395732,4.821650438436148,12.77767779419648
3.7057228028708025,3.2683017236648193,4.714880336763807,14.55554745297282
3.7369500260881345,2.9035357223184666,4.8824768247044155,14.961170359315835
4.284410952496904,2.966345997733679,4.8519273401434075,11.804322370136155
4.092712871305149,2.2123094957277,4.795080977879279,12.346189303912384
3.83576936730482,3.5268507986275806,4.7352474903102735,12.848468344504418
4.287059139845396,2.599259173856954,4.8505604102110365,11.846934099427465
3.817312141173092,3.4518878359577436,4.7892321506679085,14.708311977208007
3.817312141173092,3.4518878359577436,4.7892321506679085,14.708311977208007
4.485834820668597,2.468299796178412,4.792003246842777,13.876835934066273
4.485834820668597,2.468299796178412,4.792003246842777,13.876835934066273
4.485834820668597,2.468299796178412,4.792003246842777,13.876835934066273
4.109468807610034,3.0583418023768925,4.866235986002112,12.849427128186095
4.215375487425782,2.4850877696255447,4.833353076317068,12.645069993335948
4.138607746411926,2.3732690210377836,4.836345178025399,14.110005875261345
3.7965934876552674,2.635487667119179,4.816385983964322,14.792565711533681
3.605301601165047,2.9440101108502565,4.764771303547564,15.599317715423968
4.029037705829285,2.634547438811704,4.73617893570208,9.787252521263838
3.865922547732985,2.4088918180015377,4.870467148570009,17.00266455219225
3.8697127392094317,3.275177746573986,4.701122314271717,15.376848196495718
3.8493483396316983,3.4185178913349037,4.855196508420186,14.834627630650562
3.8065945761128703,2.5423478674997972,4.861374765829304,15.04012186294846
4.126692754656379,2.3474805001886883,4.927911675154496,12.067972258720884
3.973279874705525,2.368429375496632,4.679064386265787,11.010710303328484
4.271761137798734,2.789123366422283,4.777385636845495,11.323633561109734
3.9701425189114437,1.83960162431253,4.717623257761718,13.425115905007793
3.5559264337620626,3.4840017280385385,4.9557244784278724,15.509349874504005
4.540346592389334,1.899212401872173,4.777681755442398,12.884280040730202
4.395796868945812,3.1479475813224913,4.947306798224277,14.109500555113206
4.45516075887388,3.153127658801103,4.981299193058733,13.421982403583458
4.227994633272458,2.165393667776138,4.99684792107615,13.528263258147637
4.44306915908169,2.544245243276551,4.802002656844285,14.691196992767567
4.162925128848965,2.889950067028231,4.97519030285918,14.779061746864343
3.7517370154645544,3.1128724302625983,4.865612679331418,12.156702870698313
4.123190177823029,2.166123148998421,4.888075721589496,15.04316246626358
3.840014668890295,2.8847071317153996,4.956642592927242,11.504900098073987
4.183303013982083,1.967584846875858,4.725309845630595,12.9195261495957
3.8413071633511944,2.1369666510136964,4.724792751645778,12.435615305581155
3.9752754560887764,3.0828782540806956,4.820870548764058,13.400269343834445
3.9831617249322466,2.6515128898763503,4.796315077046444,13.568666035382767
4.132831704724377,2.7523395336218504,4.877147281097307,13.575817967596445
4.251128399059209,2.747622458844627,4.814561713303768,11.768750632779714
3.9592235949911903,2.950906781040544,4.824280127970538,11.116901330549565
3.5075066630943956,2.892749708532643,4.773650053703918,14.33211337193862
4.016382546396652,2.2518917863712993,4.778785699772941,14.350524949965148
4.310248890932152,2.771548542791055,4.9622590385532295,15.126570061451787
4.268570835811066,3.389602296370872,4.902684652050873,10.768156287282599
4.024932709001782,2.6196610303558736,4.827870265550346,11.568401176937115
4.093090191488211,2.7540279891560675,4.923859651064436,13.775006202272088
4.093090191488211,2.7540279891560675,4.923859651064436,13.775006202272088
3.851036969382091,2.588816835140644,4.856496045189084,13.400439759352567
3.7026084106449164,4.275021708802429,4.758761187697936,13.232000181879004
3.8941292470800195,3.7059906584734343,4.994244815530043,14.275719398972251
3.8637388683066396,2.181650183593903,4.6416580425061245,13.634652509644487
4.2443303715761855,1.7995812802262325,4.749922829493578,13.396721212118567
4.27248498962977,2.348489510383991,4.81470578884817,12.512579930171958
4.634549811311919,2.597589045423655,4.968313233412035,12.90590780497692
4.10797704012845,3.6361740191372816,4.952573937464159,12.97819463593256
3.950329559321042,3.390355369448394,5.045508200845497,13.135206437427808
3.8253025270100496,2.3721400808676814,4.757405337364333,14.259008235925764
4.176745891788227,1.678906800691231,4.775207343382124,14.040123925658492
4.196656408613244,2.2006880123745995,4.801043971173684,14.989332455158088
4.910335409050287,2.657681737113753,4.949431381359717,12.725701880307753
4.75067393663576,2.3346987873936778,4.914909986978439,13.44519799118831
4.85249765395658,2.56166575095734,4.867246782477861,12.79449358150117
3.755463711902231,3.287189127208876,4.74584053637011,14.091420634252538
4.338266229193604,2.8092867540039013,4.851196966557222,11.994983888012289
4.088847848219533,2.879428291695116,4.781359774783063,11.33936703331119
3.934041572278221,2.6848434765837963,4.754542637759975,15.300748380159263
4.1301688910383225,2.5875108311789212,4.9059057282935985,13.774322404935953
3.6816062710336346,3.376219498526093,4.755326574692358,16.714032142107655
3.8534063686998894,1.902239796299092,4.727988459929797,12.274184874533667
3.728934286367438,4.036014793409165,4.740459727625528,12.264582483445329
3.728934286367438,4.036014793409165,4.740459727625528,12.264582483445329
4.277716944908231,1.917869101308822,4.912816917108853,12.021378776999777
4.1138257749968625,2.6916569225889635,4.635392902355597,12.141765884260328
3.783041877751383,3.1360116868461643,4.945271081762135,12.787684188998098
4.215960837281189,2.566661007196845,4.5972271751005325,13.061553279963471
4.043520102827027,2.145788876174213,4.8272688539965225,13.51704745982702
4.043520102827027,2.145788876174213,4.8272688539965225,13.51704745982702
4.2891958445760405,3.3289502612366744,4.8681879171619515,12.510952718932522
4.310113038415722,2.9060705412926904,4.875427870158744,13.194989969732223
3.652812933893889,2.769461087149037,4.715372073400527,14.634938193798765
4.523896610984129,3.1911372325213496,4.9309412506049055,13.208748891817761
3.9477063718178265,2.8573889542270234,4.631616230400926,12.602695329731954
4.37251094643452,2.558619885035822,4.734725901705412,12.938845003586172
3.7016893751092828,2.2252634945681136,4.724767136042142,12.559955471869001
4.116851692128075,2.643193510156849,4.786622628218854,10.28629849909448
4.048851929994248,2.7622967050176097,4.8394339753734705,12.378178336236921
3.6512895110665085,3.2659660752061486,4.784168241859206,15.649063129956366
3.7791487150975,2.4082830312296046,4.7275231658525865,14.585780392527846
3.7303000552247765,3.0288301996720306,4.742417171435044,12.795262036394615
4.091577244426794,3.2157664315985035,4.792340070558985,14.556672244542776
4.298161365615431,2.114679776521534,4.8437354190684525,13.10836601998736
4.482602013559342,3.137962683702476,4.924588790338551,15.468408956228249
4.039744128833984,3.1769280300444405,4.961326171816938,12.63761441885581
3.9436148004048284,2.274900024436828,4.7338022970186895,15.434851085936367
4.074268873021829,3.5642002491300717,4.881315396723173,12.306101092978379
3.6719269230802727,2.236257619618008,4.836525730791781,13.182700467072044
4.220996870985467,3.4191870519117726,5.021018757744445,14.686967250185235
3.934466005249278,2.5828091214755178,4.715059744474662,14.808321333526036
4.356810126458986,2.589461295960102,4.760073305706461,12.562267415757056
4.679714623973832,2.6104763446022505,5.06900745779393,11.780216266926946
4.085198705689939,2.108159412915407,4.872328617517869,15.143185537430831
4.250069621321645,3.4817963348495455,4.803322008183489,12.974420255104496
4.0645180082797445,2.2540722810187934,4.901950458682002,13.17672882250351
4.285086841378732,2.8115755481413514,4.709464828234283,14.16477803391737
4.300686690158914,2.2266382197012415,4.94810670242963,16.730512539511984
4.298634421219628,2.6459906548878385,4.705933627943199,12.661608760316113
3.8007360533459984,3.1551576803197303,4.788345783926253,14.189492588661842
3.944192981849998,3.16740687210853,4.892797575210124,14.373712836256514
4.2201921327096565,2.6308647063372654,4.852485992764481,12.841457611772741
4.776437754051062,2.0959215677624212,4.825164329414073,12.774574804131223
3.8758183974532145,2.786307226080805,4.818091430563005,13.457289496159827
4.0543880714007825,2.781074899377371,4.868509934379948,15.230884296250109
4.6362710854481834,2.7455418666993334,4.940323787037132,15.881891549846925
3.9826322628856836,2.2653300350092906,4.754106581969507,14.055934056950182
4.032556231736673,3.120677352592512,4.9559569596876845,13.146416059173857
4.004289512592928,2.723167250407027,4.739385696894978,12.637294806930935
3.9779750049380134,2.4490082164751845,4.847448991609671,13.303142751149519
3.9647979698457254,2.7416820924144067,4.9484640057901395,13.673688178956398
4.413916977112155,2.8496414897783215,4.7795343770553425,14.272438763547806
4.426587020354167,1.8590978871050647,4.840504924147084,13.242174433134691
4.003089177318329,2.473878689381379,4.686397652345806,14.415740942694809
3.8033460040873157,2.764746859900752,4.841366952367276,13.197672771378812
3.9419748156921224,3.214967309635271,4.921673284369835,13.078273280823494
4.106143008333545,2.8527656526767156,4.786159835407597,10.429962153639822
3.973657109439525,3.2784745087044476,4.808385634365445,14.970572880911394
4.129931629944417,2.985572903130322,4.82155726743439,11.94656577221311
4.10583267485316,2.9626716794591252,4.801348825212402,13.446166629588904
4.155127119917805,2.7487862275095307,4.942140499455233,12.704818067338353
3.94647303877317,3.3689847595690954,4.926604338399696,12.391790657354333
3.8176666877299392,2.9070677678403682,4.88531308738055,12.45868420654021
4.288682381894909,3.7806279824027587,4.9262575969515545,12.252593070566071
3.80584942059971,2.9450252073504037,4.927274601196119,12.69999755653388
3.7726848293677246,3.381051075020869,4.9732825081407235,12.334123680726494
4.185077815134188,2.038700863423009,4.85922971363217,13.479379050808276
3.5481118183280214,3.465504574891436,4.882500775174756,12.361894371297184
3.99214227312008,2.8246443192173647,4.697017179246488,12.423373064878398
4.824264229641568,3.081843980453332,4.91338671354794,15.041335211323064
3.794203369682029,2.1302210998748934,4.739967489582402,13.617186412101052
4.466461551205353,3.011873775221702,4.972133505600132,13.080721302767184
4.466461551205353,3.011873775221702,4.972133505600132,13.080721302767184
4.681921982657278,2.561663008351742,4.889165504137576,13.50001087360312
4.681921982657278,2.561663008351742,4.889165504137576,13.50001087360312
4.622725474173373,2.2698904745631974,4.972855799500956,14.070173564744843
4.506825988533885,3.469180384360838,4.998630405001344,12.15424068405231
4.533002478613804,3.00868571702174,5.143898357942366,12.077493136763387
3.949908210814583,3.3982180855185242,4.747624676011219,12.990546089780388
4.044210963554865,2.9475854370197765,4.960792631961443,11.890868056706932
3.8750521355409875,2.835431225878285,4.786636447434665,12.431369582952438
3.9993315327509857,2.897844767683026,4.747246834521223,15.348359170960133
3.7453836399208096,2.8600707181993745,4.9050680257882515,14.56854559019167
3.9121904063271016,2.9296072842167327,4.863645543806332,14.563408913788978
4.308495678059907,3.0942423425206638,4.903254252401019,15.149285489994025
3.9307880130656407,2.525821412302345,4.8080919205197565,16.804503856338645
4.363416133944017,3.4066486893048635,5.013307739632637,10.88369259835807
4.248142380275241,2.8350704980000376,4.896963402976399,13.670427908729065
3.7351331603386475,3.5699151951117187,4.863754376855974,12.81629822128959
3.689115949739439,2.9435700081693934,4.848866793926009,12.881535496223181
4.229880947779329,2.4108127549701126,4.758915343740877,13.08617153651782
3.8107280631039795,2.563750448179023,4.716701153853892,15.929597066386632
4.248286123838281,2.81518680927104,4.9068172436514175,13.66258447265267
4.2001155147968525,2.7510707114420088,4.914077739928253,15.010303899816765
4.098055476706371,2.6540221793377667,4.779204136997488,15.394328146558417
4.235472669644299,2.130424077124727,4.912152154997917,14.309522440084963
4.235472669644299,2.130424077124727,4.912152154997917,14.309522440084963
4.510728350535229,2.2568458055786125,4.9717566112973195,14.600669413479585
4.11246185578898,3.0452606000083406,4.867076665255822,15.464265474401625
4.380585032296186,2.131050907241657,4.804379198621164,12.048336357775414
4.593748615932584,2.179307055962289,4.801859675144396,11.843148355235765
3.7415472787721074,2.2928619237357357,4.681080055525885,15.237791848999338
3.973149462301751,2.745656225342234,4.862494501500602,14.958957060866048
4.007514397934653,2.7796572643455995,4.866483246390976,14.7505854630169
4.3198671512502385,2.5426386165205286,4.824534712401426,14.583041092280418
4.1458960474332125,3.0438063486116063,4.774415263113648,12.546317994431655
4.071992277702657,2.603014086537468,4.850284769181532,16.187266133365654
4.507075905239778,2.901469359557647,4.872412064793825,12.751804477883438
4.390620074253601,3.439773250643729,4.907294060840842,13.317821603939418
4.195599452643662,2.2976346849296436,4.708847238390577,13.75238248315304
4.236077469164155,2.245132699682773,4.680001148696131,14.122316802333257
3.772456814307746,2.7742247196075214,4.897874649613546,12.006219292741351
4.286775629914021,3.1220943240146384,4.698768559966039,11.339290094811759
4.272414314927943,2.770255197500183,4.849799564991201,11.403158984009394
4.004125748458857,3.3744762535313857,4.8962081596001905,11.633787612043019
3.952348371152977,2.6986877623573675,4.853337134199654,10.985254158544885
4.338275102319668,2.1023234674953395,4.732537884070475,12.725742639042258
3.548561383913753,2.4914973530660958,4.673736519945995,11.865588986522564
4.905201820907924,3.650261200027399,5.092422100267733,13.665836054212589
4.935556571332886,3.10558830590981,5.112404003872421,15.352542857553743
4.8177512735745305,1.804282505689984,4.778429134162793,12.532809438590759
4.530383188211757,2.5673544273722166,4.89139855720337,15.480942504839124
4.152044768093421,2.4682496295357126,4.755036230865658,15.274696854714554
3.639873702816964,2.903445378919988,4.689424125040512,11.619652769710118
3.761701904584565,2.771699344156103,4.648457515637754,11.988588238160512
3.932477249802442,3.413589027071744,4.961580689643496,12.308660122395825
3.885531631889534,3.713646530183268,4.924046759117749,13.046614546977763
4.211902394710924,3.5751824446803706,4.927937963911686,13.26377168750224
4.211902394710924,3.5751824446803706,4.927937963911686,13.26377168750224
3.8944970269426213,2.824476433556348,4.827263958425419,12.963226011519861
4.117342398342306,2.539020702010697,4.9501523620951575,13.458399733209648
4.153066510136264,2.0394638717960767,4.826212008269477,13.961366070695126
3.8033956893226777,3.175991794539859,4.883793833258034,12.938743336213987
3.942035071089707,2.304642089271488,4.693855847082148,12.288599214623927
4.188245037374739,2.6568429936332443,4.856917543371553,14.19126919392941
4.264816761221607,3.1229095734522856,4.899158559901837,12.11430127874016
4.063136665304095,2.6254448712165943,4.879248120230963,13.984271829953252
4.063136665304095,2.6254448712165943,4.879248120230963,13.984271829953252
4.55641152227645,2.799570186966638,5.0105351835129,14.34705642804938
4.437930243576617,2.0303835086185678,4.723022897645675,12.454515500955123
4.662022262923842,3.543172385027307,4.893763349642841,12.4517586525964
4.662022262923842,3.543172385027307,4.893763349642841,12.4517586525964
3.279174306479275,2.232148291055522,4.708669888942029,11.199277752057043
3.3500627447800424,2.0280745889379905,4.7141318469712905,11.027004598155395
3.969075272782766,3.4974438012947235,4.644900156714191,11.51774862359588
3.4770047042205063,2.304114971197556,4.921970801533226,15.390960937169579
3.849852093896313,2.6441178173668667,4.983438843586967,12.225506367946274
3.963199910589833,2.0500191202704428,4.870815666916148,14.111768380733135
4.090309584699393,2.9425040096837263,4.679622123925744,14.037602174299275
3.9962980069409304,3.3019994994283057,4.903830447271353,10.061295903112198
3.491068007429434,2.163681151574728,4.684053394904976,16.180695597159676
3.8739445259580787,2.809215636947654,4.732507255421109,14.609988312663374
3.7367724822312938,2.368336735925486,4.793331719255823,14.813827368867786
3.698725364276128,2.928137773906026,4.747119921275353,14.584742662517206
4.487720487775916,3.1785917063696694,4.711180974315997,14.1747297650495
4.270146567918835,2.1618364130612817,4.820523160239776,15.962328815256019
3.499646874060595,2.5393658480939165,4.583342237133651,12.576676423772705
3.9844116110745755,2.7642447248421025,4.641632229247998,11.456488274734435
3.874835557784887,1.8246285103540483,4.771168878789046,11.29325068335612
3.860826863121168,3.2376605888437027,4.746527162723973,10.490826482589267
3.923230415821775,2.838155243852085,4.938798749985349,10.696833580915285
3.905441724066444,2.6975101498601424,4.727254375340906,14.06198511913555
3.911918396647045,2.690831431541165,4.864833352127888,14.020852335352478
4.059457242968714,3.2610266315020944,4.801688860456636,13.86011831359723
4.268088333678191,3.025984850523427,4.797809337851935,12.666408650964502
4.27543098692711,2.2999393105659025,4.986190013462766,14.395315953514945
3.6220748992707352,2.3683877267223483,4.641249045244005,12.455133741002497
3.904600531456725,2.866315084288493,4.801700328501566,12.816492118954523
3.7939946243888514,2.170806626788887,4.921403870604667,13.803371289625844
4.11015320381426,3.127138771915038,4.755058950729261,12.28367380462865
4.11015320381426,3.127138771915038,4.755058950729261,12.28367380462865
4.001778033003766,2.956912760293948,4.752205107286378,16.78076096194183
4.13291361017101,2.971221304921282,4.884415195259539,16.550561318059202
4.060451605880245,2.221379525255625,4.869056558156836,15.192020100226458
4.181156656471981,2.3989203258748026,4.8303697968537564,15.302609720144982
4.030860603643283,3.5687265668244303,4.728330546822277,12.62602061297391
4.167849470730447,3.41591632862074,4.755710514741469,13.851935954831035
4.202366183385824,2.6166236822985103,4.779885395094592,14.564635604552864
4.366552437013459,2.0454805185888034,4.82460409320497,13.247048745728192
4.435061612909538,2.0407737073478396,4.6505176749053305,13.038928704900274
4.09579877997529,2.8167686500643594,4.761468820622605,12.98390413380953
3.988498430172062,2.4333207745294354,4.8368133620672085,12.389503773097589
4.2625132094391915,2.7321548415859036,4.741622608044227,11.89410975678816
3.7228520881186604,3.2126393234073563,4.862913873747279,12.506221934742234
4.7597341385657685,2.7881108887583443,4.947111716985339,16.523325494516623
3.870921350810966,2.086636008466855,4.687253097310245,10.913958685243113
3.625055214048687,3.429164970640246,4.761085807960923,11.923598828606334
3.5195607509803564,3.1358874574927986,4.585500962035861,12.474871082850454
3.607427673713288,2.3623438257060103,4.820019238883074,13.910150288675814
4.381428272086661,2.2286796511597906,4.945432834199323,13.09309104680205
4.203867611667924,2.5558579336059264,4.660044506790459,12.071313300540549
4.103596210506934,2.730765597294113,4.794546996728111,12.927251850169402
3.857420983364786,2.51292821298263,4.840438884124653,15.32990277589083
3.8662248740069916,2.7631441611870193,4.770026581728363,15.151259975927623
3.632481457329396,3.389716219460852,4.705495275384674,15.678258767327016
4.014407116070722,3.3248434728119993,4.968583389820776,14.088765683231186
4.098565661457083,2.5335606845229863,4.737076281494561,13.797715530100234
3.6800678429140676,3.235833939949985,4.706940695875284,14.33740317850655
3.8326128924786196,2.381664384981929,4.610888767894007,15.269048796588741
4.038511265922999,2.976749567780121,4.955725779958702,11.506136953759965
4.125252095467623,3.1467047292140276,4.856100309300667,13.088181171580135
3.990841049998827,2.334276788989798,4.789787296482468,16.310684268292956
4.005943119645576,3.2281918575229076,4.876681938683672,11.654660683887437
4.211558100331566,1.85344087727221,4.739604382225648,15.809383341581626
4.595848282651115,3.062304948026328,5.121013913691768,11.53024353887841
4.345534089561966,3.7602554297589403,4.988802337145712,11.776629837952644
4.4861402522331275,2.1308514979376474,4.876322000669218,12.677217378958916
3.869553802063335,2.494602110543523,4.879366612166302,13.956243779000815
4.366141687000489,2.7672528936410146,4.698573335563751,13.372929805615763
3.714386472764737,2.626641344957951,4.886591876983911,14.204616396255807
3.776996136525915,2.7841110732676198,4.809655966468341,10.659781302264255
3.7366276123571267,2.6476005802397298,4.9237804868611015,14.866560437143944
3.9253706201453196,2.5554921244619484,4.841740677855997,13.70026274627253
4.479259910085312,3.7219074549323397,4.93180613285921,13.175739078332672
4.32920195836019,2.585701944199904,5.036531161066405,12.758529766861734
3.9855223518617113,3.1158563908227594,4.808162579882997,12.355108876136912
4.129478679388311,2.1295808349473577,4.774786668463134,12.93538922531567
3.736215418300882,3.6845651718352466,4.899769352174563,14.441921437577948
3.90919277029809,3.290771586269921,4.781731142092949,12.423089178084727
3.993359362255344,2.674766986724047,4.948131412892779,12.869208322460054
3.9529001815982068,3.287925649014241,4.7745892661279905,13.27245383632936
4.610097466607556,3.0488206242611673,4.771149064033852,13.526027188334348
4.4919511917405455,2.686746525004813,4.891125858980777,13.571003244643554
4.523823477525175,2.8183642446280595,4.9380814490886245,13.754318743655034
4.3301952709693605,3.074373327760525,4.988170414512714,13.612015199001384
3.6407831351727546,2.2597965300789133,4.732246798781529,12.269756241266636
4.275961947617516,3.2638623397161566,5.05540076073668,14.67568158662068
4.177575222923621,3.3894684473920895,4.8528562125365635,14.466114018873826
4.099269847749656,2.921667242879358,4.875356894466964,14.53708152533603
3.8024203732161266,3.449430737794327,4.726757965639056,14.607053622945388
4.049914781864683,2.3239042338002447,4.890251952417051,14.660374957075755
4.111041492670176,3.262863523429426,4.8096617206166465,14.72494361732406
3.853809016167845,3.0987350256114867,4.839890662947305,13.901275743971876
4.030277187102737,3.3280596598796564,4.873438933965942,15.195254700289347
4.211718477577947,2.270137819043469,4.806346777837164,13.39964966171122
4.0615049788726765,2.674095650620195,4.818076706940594,13.754720238100338
3.8746509180588165,2.485157370723349,4.722165699902588,13.671478563799395
4.320977136416055,3.905194557396739,5.130496246641807,13.241096640793431
4.0848081461590775,2.8142804027761503,4.775175353873653,12.881446346132876
3.578097051198528,2.4855907389184866,4.813228107191423,10.594926141608042
4.420905669428549,2.174976211634432,4.893202486251995,16.08960046100518
3.9591309057716755,2.5192364188687018,4.679828530706681,12.14409848030098
